"entity_name","entity_id","pitch_hand","active_spin_fourseam","active_spin_sinker","active_spin_cutter","active_spin_changeup","active_spin_splitter","active_spin_curve","active_spin_slider","active_spin_sweeper","active_spin_slurve"
"Hader, Josh",623352,"L",,"99.5",,,,,"12.6",,
"Matz, Steven",571927,"L",,"99.5",,"83.7",,"80","43.7",,
"Waldrep, Hurston",694462,"R",,"84.2","57.1",,"62.6","82.3","19.5",,
"Ferrer, José A.",678606,"L",,"98",,"95.9",,,"16.7",,
"Spence, Mitch",687765,"R",,"60.9","38.5","53.9",,"73.3","52.5",,
"Topa, Justin",623437,"R",,"88.7","53.2","84",,,,"49.4",
"Rogers, Taylor",573124,"L",,"91.1","38.5",,,,,"67.8",
"Simpson, Josh",681006,"L",,"72.5",,,,"68",,"55.1",
"García, Luis",472610,"R",,"86.1",,,"81.9",,,"50.5",
"Johnson, Ryan",696270,"R",,"80.5","47.9",,"72",,,"39.7",
"Whitlock, Garrett",676477,"R",,"99",,"85.3",,,"23",,
"Yean, Eddy",678868,"R",,"65.5",,"76.8",,,"16.1",,
"Raley, Brooks",548384,"L",,"72.7","36.6","83.2",,,,"55.5",
"Burgos, Raymond",670103,"L",,"74.9","38","78.2",,,,"46.4",
"Borucki, Ryan",621366,"L",,"95","68.3",,"90.4",,"13.9","42.5",
"Doval, Camilo",666808,"R",,"58.7","58.6","82.4",,,"47",,
"Krook, Matt",640454,"L",,"84.5",,,,,,"46.4",
"Guerrero, Tyron",594027,"R",,"98.8",,,"79.2",,"36.5",,
"Fluharty, Mason",689254,"L",,,"47.6","62.1",,,,"52.2",
"Dallas, Chad",689149,"R",,,"61.9",,,"74.3",,"52.2",
"Maton, Phil",664208,"R",,"68.7","54.8",,,"93.5",,"48.5",
"Burnes, Corbin",669203,"R",,"80.9","70.3","86.6",,"70",,,
"Trivino III, Lou",642152,"R",,"90.8","65.1","99.3",,,,"61",
"De León, Luis",801725,"L",,"94",,,"68.9",,"18.7",,
"Nance, Tommy",667297,"R",,"88.6",,,,"77.1","17.9",,
"Harris, Trent",805345,"R",,"69.8","80.6",,,"95.6",,"59.9",
"Roberts, Ethan",681799,"R",,"70.6","62.2",,,,,"64",
"Pop, Zach",647315,"R",,"90.9","87",,,,"36",,
"Garcia, Brandyn",805299,"L",,"77.2","44.7",,,,,"42.8",
"Rogers, Tyler",643511,"R",,"72.8",,,,,"64.2",,
"Mantiply, Joe",573009,"L",,"93.6",,"99.2",,"41",,,
"Sánchez, Cristopher",650911,"L",,"91.1",,"84.7",,,"31.7",,
"O'Brien, Riley",676617,"R",,"80",,"83.3",,,"21.3","67.6",
"King, John",667463,"L",,"67.4",,"78.3",,"74.4","33.6","44.5",
"Backhus, Kyle",679775,"L",,"96.8",,"92.6",,,,"43.9",
"Bender, Anthony",669622,"R",,"79.3",,"83.4",,,"42.6","63.6",
"Vargas, Carlos",672841,"R",,"69.5","45.4",,,,"33.1",,
"Jansen, Kenley",445276,"R",,"97.7","78.5",,,,"40",,
"Uribe, Abner",682842,"R",,"71.4",,,,,"35.2",,
"Svanson, Matt",694335,"R",,"82.9","33.6",,,,,"39.2",
"Funderburk, Kody",681892,"L",,"75.7","64","80.2",,,"31.8","62.7",
"Koenig, Jared",657649,"L",,"79.7","57.9","92.2",,,,,
"Stallings, Garrett",668831,"R",,"88.6","52.6","96.4",,,,,
"Young, Danny",664849,"L",,"90.9",,,,,,"55.5",
"Ashcraft, Graham",668933,"R",,,"58.5",,,,"32.1",,
"Dodd, Dylan",689266,"L",,"94.9","49.7",,,,"21.2",,
"Finnegan, Kyle",640448,"R","99.7",,,,"94.8",,"24.2",,
"Springs, Jeffrey",605488,"L","99.6",,"61.3","95.8",,,"33.1","48.5",
"Paddack, Chris",663978,"R","99.6","97","48.7","97.9",,"94.2",,"64.3",
"Dreyer, Jack",676263,"L","99.6",,,,,"93.3","20.7",,
"Parker, Mitchell",680730,"L","99.6",,,,,"62.7","34.3",,
"Mahle, Tyler",641816,"R","99.6","99","59.6",,"91.1",,"28.3",,
"Petersen, Michael",656848,"R","99.5",,,"95.6",,,"19.6",,
"Myers, Tobias",668964,"R","99.5",,"74.2",,"74.2",,"41.1","52",
"Chivilli, Angel",683409,"R","99.5",,,"92.3",,,"29.6",,
"Curvelo, Luis",681168,"R","99.5","99.5",,,"86.3",,"16.3",,
"Heuer, Codi",676051,"R","99.4",,,"97.6",,,"31.5",,
"Black, Mason",696131,"R","99.4","97.5","59.5","97.8",,"52.7","15.2","40.4",
"Lee, Dylan",669276,"L","99.4",,,"98.9",,,"18.7",,
"Stanek, Ryne",592773,"R","99.4","93.7",,,"93",,"21.9",,
"Klassen, George",691946,"R","99.4","99.6",,"99.3",,"56.6","14.2",,
"Richards, Trevor",670950,"R","99.4",,,"59",,,"28.4",,
"Duran, Jhoan",661395,"R","99.4",,,"80.4","88.5","37.8",,"35.8",
"Morgan, Eli",669212,"R","99.3",,,"86.7",,,"24.9",,
"Urquidy, José",664353,"R","99.3","97.9",,"97.8",,"75.5",,"38.3",
"Rajcic, Max",691008,"R","99.3","96.8",,"99.2",,"85.1",,"38.5",
"Pushard, Matt",690155,"R","99.3",,,,,"52.2","40.7","43.7",
"Hurt, Kyle",669165,"R","99.3",,,"97.4",,,"10.6",,
"Olds, Wyatt",681544,"R","99.3",,"35.6",,,,"63",,
"Giolito, Lucas",608337,"R","99.2",,,"99.3",,"86.1","34.2",,
"Ragans, Cole",666142,"L","99.2",,"39.5","99",,"92.9","18.7",,
"Blubaugh, AJ",805123,"R","99.2",,"44","77.4",,"77.2",,"43.8",
"Laweryson, Cody",689520,"R","99.2",,"22.4","85.4",,,,,
"Herz, DJ",687792,"L","99.1",,,"87.5",,,"60",,
"Rodriguez, Grayson",680570,"R","99.1",,,"86.9",,"64.7","31.1",,
"Latz, Jacob",656641,"L","99",,,"98.5",,"71.7","31.2",,
"Perales, Luis",691384,"R","99",,"62",,"79.6",,"34",,
"Mize, Casey",663554,"R","99","98.5",,,"94.3",,"35.5",,"60.1"
"Vanasco, Ricky",676568,"R","98.9",,,"95.6",,"76.6",,,
"Fernandez, Ryan",681676,"R","98.9",,"67.2","89.7",,,"24.6",,
"Falter, Bailey",663559,"L","98.9",,,,"87.7","44","45.9",,
"Harris, Hogan",663687,"L","98.9",,"70.6","99.2",,"95.2","37.5",,
"Imanaga, Shota",684007,"L","98.9","89",,,"93.2","83","41","46.5",
"Bednar, David",670280,"R","98.9",,,,"69.4","58.7",,,
"Rainey, Tanner",663432,"R","98.8",,,,,"47.7","20.6",,
"Strider, Spencer",675911,"R","98.8",,,"86.5",,"52.8","34.8",,
"Garcia, Rico",670329,"R","98.8",,,"97.8",,"35.9","34.6",,
"Wacha, Michael",608379,"R","98.8","97.6","68","79.1",,"83.2","26.7",,
"Orze, Eric",679358,"R","98.8",,,,"74.6","65.3","41.9",,
"Yoho, Craig",684974,"R","98.8","97.2","55.3","87.1",,,,,
"De los Santos, Yerry",660787,"R","98.8","97.5",,"92.3",,,"22.7",,
"Gonzales, Marco",594835,"L","98.7",,"60.6","97",,,,,"48.6"
"Cornelio, Riley",683000,"R","98.7",,"55.4",,,,"9.3",,
"Petty, Chase",695534,"R","98.7","99.5",,"89.8",,,"19.9","37.9",
"Nelson, Ryne",669194,"R","98.6","97.2","78.9",,,"58.4","33.7",,
"Gordon, Colton",676467,"L","98.6","98.8",,"94.2",,,"31.7","37.4",
"Pallette, Peyton",688883,"R","98.6",,,,,"89.3","33.6",,
"Yesavage, Trey",702056,"R","98.5",,,,"87.6",,"45.5",,
"Henderson, Logan",701656,"R","98.5",,"63.2","94.1",,,,"51.1",
"Marinaccio, Ron",676760,"R","98.5",,"38.5","95.7",,,,"45.4",
"Blanco, Ronel",669854,"R","98.5",,,"95.9",,"42.3","38.2",,
"Davila, Nick",689546,"R","98.5","94.1",,,,,"41.4",,
"Farris, Mitch",815083,"L","98.5",,"63.6","99.2",,,"31.3",,
"Detmers, Reid",672282,"L","98.5","97.1",,"96",,"90.7","39.7",,
"Yarbrough, Ryan",642232,"L","98.5","97.2","66.6","93.9",,,,"66.6",
"Tong, Jonah",804636,"R","98.5",,"73.2","99.1",,"68",,,
"Estrada, Lazaro",681751,"R","98.4",,"48.7",,"95.4","80.1","24.8",,
"Smith-Shawver, AJ",700363,"R","98.4","98.7","46.7",,"86.9","83.9","25.2",,
"Mattson, Isaac",676755,"R","98.4",,,"95.1",,,"27.9","33.6",
"Mears, Nick",683232,"R","98.4","93.7",,"91.4",,"82.5","32.6",,
"Beck, Tristan",663941,"R","98.4",,,,,"82.8","28.8","59.9",
"Cruz, Yovanny",672442,"R","98.4","97.2",,,"46.4",,"15.6",,
"Hoffman, Jeff",656546,"R","98.4","98.9",,,"92.2",,"16.9",,
"Estrada, Jeremiah",669093,"R","98.4",,,,"99.3",,"38.9",,
"Gray, Peyton",682608,"R","98.3",,,"94.4",,,"33.3",,
"Díaz, Yilber",700270,"R","98.3",,,,,,"21.1",,
"Cantillo, Joey",676282,"L","98.2",,"36.9","99.2",,"95.6","52.1",,
"Baumler, Carter",691945,"R","98.1",,,,,"71.1","43.4",,
"Barco, Hunter",682995,"L","98.1","97.7",,"98","96.2",,"40.1","55",
"López, Reynaldo",625643,"R","98.1",,,"95.7",,"68.1","33.7",,
"Kerkering, Orion",689147,"R","98.1","95.4",,,"92.3",,,"50",
"Márquez, Germán",608566,"R","98.1","96.6",,"92.7",,"14.7","25",,
"Erceg, Lucas",668674,"R","98.1","98.6","53.7","95.4",,,"31.3",,
"Sears, JP",676664,"L","98.1","99.1",,"98.7",,,"34.4","37.9",
"Lodolo, Nick",666157,"L","98","98.4",,"97.2",,"42.5",,,
"Morris, Andrew",702193,"R","98","97.2","59","99.1",,"83.7",,"54.2",
"Bidois, Brandan",684049,"R","97.9",,,"91.1",,,"37.2",,
"Natera Jr., Samy",696519,"L","97.9",,,,,,"50.4",,
"Kremer, Dean",665152,"R","97.9","92.9","75.6",,"86.9","73.4","48.2",,"27.1"
"Varland, Gus",681402,"R","97.9",,,"92",,,"15.6",,
"Sheehan, Emmet",686218,"R","97.8",,,"98.5",,"80.6","24.1",,
"Harrison, Kyle",690986,"L","97.8","98.5",,"86.2",,,,,"44.1"
"Vesia, Alex",681911,"L","97.8",,,"99.1",,,"44.9",,
"Williamson, Brandon",682227,"L","97.8","99.2","52.5","99.4",,"77.4",,"46.1",
"Karinchak, James",675916,"R","97.8",,,,,"43.5",,,
"Strahm, Matt",621381,"L","97.8","97.4","52.8","81.4",,,"21.9",,
"Gose, Anthony",543238,"L","97.7",,,"95.4",,,"24.3",,
"Peralta, Wandy",593974,"L","97.7","96.3",,"86.8",,,"34.3",,
"Frasso, Nick",693308,"R","97.7",,"52.2","83.1",,,"46.9",,
"Gordon, Tanner",685299,"R","97.7","99.8","77.8","97.6",,"24.9","48.7",,
"Wilkinson, Matt",683363,"L","97.7",,"38.4","98.9",,,"48.3",,
"Gausman, Kevin",592332,"R","97.7",,,"88.3","81.9",,"18.4","33",
"Drake, Kohl",684442,"L","97.6",,"51.7","97.2",,"65.6","21.4",,
"Montgomery, Mason",682254,"L","97.6","95",,"82.6",,"45.1","20.7",,
"Klein, Will",694361,"R","97.5",,,,,"82.6","30.4","47.3",
"Murphy, Luke",684665,"R","97.5",,"42.2","92.5",,,"32.7",,
"Quantrill, Cal",615698,"R","97.5","97.2","40",,"90.3","55","21.1",,
"Rodón, Carlos",607074,"L","97.5","83.1",,"76",,"70.7","18.4",,
"Sinclair, Jack",695378,"R","97.4","97.1",,,,,"33.1","42.2",
"Sears, Andrew",808825,"L","97.4","89.3",,"78.7",,,"40.8",,
"Banda, Anthony",607455,"L","97.4","94.9",,"97.4",,,"29.3",,
"Fuentes, Didier",800311,"R","97.2",,,,"98.9",,"40.6",,
"Sulser, Cole",642121,"R","97.2",,"49.9","78.6",,,,"37.8",
"Skenes, Paul",694973,"R","97.1","96.1",,"97.3","90.5","73.1","25.1","36.1",
"Seabold, Connor",657756,"R","97.1",,"34","84.9",,,"32.2",,
"Jameson, Drey",686753,"R","97.1","96",,"92.3",,,"15.1","38.6",
"Molina, Anthony",683627,"R","97.1",,,"90",,"29.8","56.3",,"26.4"
"Fitzpatrick, Brian",702153,"L","97","94.9",,"91.4",,,"34.6","64",
"Sasaki, Roki",808963,"R","97",,,,"83.2",,"27.3",,
"Davis, Tyler",699823,"R","97",,,,"96.2",,"34.9",,
"Martinez, Justin",679885,"R","97","94.7",,,"96.3",,"45.3",,
"Pérez, Eury",691587,"R","97","97.8",,"98.2",,"55.7","35.4","39.2",
"Hernández, Elieser",622694,"R","97",,,"95.7",,,,"46.2",
"Booser, Cam",592155,"L","96.9",,"25.6",,,,,"53.1",
"Bieber, Shane",669456,"R","96.9","95.8","40.9","86.7",,"77.2","13.2",,
"Curtis, Khristian",694753,"R","96.9",,"50.9","92.8",,"83.3","35.5",,
"Alvarado, José",621237,"L","96.9","95.9","30.1",,,"31.3",,,
"Ryan, Joe",657746,"R","96.9","95.9",,,"87.9","74.4","24.4","60",
"Pérez, Martín",527048,"L","96.8","96.2","52.8","99.5",,"36.4",,,
"Rangel, Alan",660604,"R","96.8",,,"92.1",,"99.1","46",,
"Baz, Shane",669358,"R","96.8","95","45.7","98.7",,"61.8",,,
"Shook, TJ",669298,"R","96.8",,"57.2","93.9",,,,"40.7",
"Imai, Tatsuya",837227,"R","96.8","96.2",,"67.1","97.8",,"19.9",,
"Bradley, Taj",671737,"R","96.8",,"38.3",,"80.2","75.8",,,
"Franco, Jose",683742,"R","96.8",,,"97.8",,,"18",,
"Greene, Hunter",668881,"R","96.7","96.7",,,"87.3",,"43.2",,
"Cole, Gerrit",543037,"R","96.7","94.5",,"99.5",,"83.7","27.4",,
"Baker, Bryan",641329,"R","96.7",,,"90.4",,,"41.6",,
"Blalock, Bradley",687134,"R","96.7","96","51.1",,"92","69.4","28.8","49.6",
"Walker, Taijuan",592836,"R","96.7","96.1","55",,"82.4","66.2","28.6",,
"Sabrowski, Erik",681870,"L","96.6",,,,,"67.8","20.4",,
"Alvarado, Elvis",665660,"R","96.6","96.2",,,"83.7",,"13.3",,
"Dotel, Wilber",696062,"R","96.6","94.6","54.4","99.6","96.3",,"32.5",,
"Leiter Jr., Mark",643410,"R","96.6","92.3","57.9",,"81.8","96.1",,,
"Way, Beck",694360,"R","96.5","95.8","23.1","89.1",,,,"36.7",
"Curry, Xzavion",675540,"R","96.5","86.2",,,"88.1","75.3","45.9",,
"Lord, Brad",695418,"R","96.5","97",,"98.3",,,"20.2","36.3",
"Chandler, Bubba",696149,"R","96.5","96.8",,"95.7",,"28.7","33.6","39.7",
"Halvorsen, Seth",678020,"R","96.4","89.9",,,"92",,"41",,
"Pagán, Emilio",641941,"R","96.4",,"27.4",,"91.1",,,,
"Maxwell, Zach",687209,"R","96.4",,"51.7",,,,,"38.3",
"Perdomo, Cesar",702885,"L","96.3",,,"95.1",,,"15.1",,
"Marte, Yunior",805074,"R","96.3",,,,"75.2",,"16.1",,
"Waguespack, Jacob",621097,"R","96.3",,"50.7","82.6",,"74.5",,,
"Gibson, Trey",694346,"R","96.3","90","51.5",,,"82.6","52.7","55.6",
"Eovaldi, Nathan",543135,"R","96.3","94.5","61.1",,"85.9","82.7","45.6",,
"Ralston, Jack",667652,"R","96.2",,,,"97.3",,"18.1",,
"Brogdon, Connor",641401,"R","96.2",,"53.4","95.3",,,,,
"Nicolas, Kyle",693312,"R","96.2",,,,,"65.9","30.7",,
"Ahlstrom, Robby",695239,"L","96.1","93.5",,"83.6",,"44.9","27",,
"Johnson, Seth",686751,"R","96.1","90.6",,,,"55.6","30.8","42.7",
"Roa, Christian",685005,"R","96.1","92.3",,"89.5",,,"31.8",,
"Leasure, Jordan",673929,"R","96.1","93.9",,,,,"35.4",,
"Lavender, Nate",681320,"L","96.1",,,"98.9",,,"52.8","53.6",
"McClanahan, Shane",663556,"L","96.1",,,"97.2",,"57.1","20.2",,
"Poulin, PJ",676571,"L","96.1","93.1",,"99.1",,,,"23.7",
"De Jesus, Enmanuel",646241,"L","96.1","94.8","19.9","88.9",,,"49.1",,
"Snell, Blake",605483,"L","96.1",,,"96.6",,"66.4","52.8",,
"Kempner, William",687531,"R","96","95.4","29.4",,,,,"52.8",
"Cabrera, Edward",665795,"R","96","93.1",,"94.9",,"60.7","25",,
"Hicks, Jordan",663855,"R","96","93.3",,,"97.3",,,"34.7",
"Hill, Tim",657612,"L","95.9","92.6",,,,,"37.2",,
"Legumina, Casey",668984,"R","95.9","95.9",,"88.5",,,"33.6","47.8",
"Anderson, Kade",807739,"L","95.9","96.2",,"99.1",,"78.5","29",,
"Headrick, Brent",687396,"L","95.9","92",,,"96.1",,"31.4",,
"Sandoval, Patrick",663776,"L","95.8","92.9",,"98.8",,"71.5","41.1","51.3",
"Pivetta, Nick",601713,"R","95.8",,"76.1",,,"77.8",,"42.1",
"McDermott, Chayce",694646,"R","95.8",,"41.5",,,,"46.3",,
"Cruz, Steven",674444,"R","95.7",,"60.8",,,,"46",,
"Woods Richardson, Simeon",680573,"R","95.7",,,,"90.7","84.4","51.6",,
"Young, Brandon",687064,"R","95.7","94.1",,,"65.7","92.5","23.8",,
"Juenger, Hayden",696522,"R","95.7",,"61.8","95.4",,,"41.6",,
"Whisenhunt, Carson",687931,"L","95.7","90.8",,"99.3",,,"17.8",,"55.4"
"Hjerpe, Cooper",687309,"L","95.6",,"50.8","93.9",,,,"72.8",
"Ray, Robbie",592662,"L","95.6","96",,"93.8",,"58.7","35.2",,
"Wilcox, Cole",677961,"R","95.6","95.3",,"95",,,"19.1","53",
"Manaea, Sean",640455,"L","95.6","95.9","36.5","90.3",,,,"52.1",
"Shugart, Chase",663767,"R","95.6","94.3","44.3","93",,,,"56.1",
"Devenski, Chris",606965,"R","95.5",,,"81.3",,,,"51.3",
"Foster, Cameron",671382,"R","95.5",,"47.6",,,,"37.2",,
"Sullivan, Sean",807743,"L","95.5","93.9","33.5","96.7",,,,"69.6",
"Williams, Devin",642207,"R","95.5",,"52.5","93.2",,,,,
"Verlander, Justin",434378,"R","95.4",,,"90.4",,"68.8","38.6",,
"Hiraldo, Yaramil",682274,"R","95.4",,,,"65.4",,"26.8",,
"Jump, Gage",695611,"L","95.4","94",,"93.7",,"71.7","31.3","40",
"Martin, Chris",455119,"R","95.4","85.8","57",,"82.6","44.7",,"60.5",
"Gaddis, Hunter",683769,"R","95.3",,,"99.2",,,"49.8",,
"Romano, Jordan",605447,"R","95.3",,,,,,"38.2",,
"Morris, Kade",695034,"R","95.2","92.7",,"93",,"90.8","38.2","40.8",
"Akin, Keegan",669211,"L","95.2",,,"98.8",,,"32.2",,
"Weaver, Luke",596133,"R","95.1",,"58.2","79.2",,,,,
"May, Dustin",669160,"R","95.1","89.2","54.3","95.5",,"80",,"63.9",
"Hagenman, Justin",663795,"R","95.1",,"42.6","93.1",,,"26.4",,
"Lambert, Peter",663567,"R","95.1","90.7","66.2","97.7",,,"26","50.7","84.1"
"Liberatore, Matthew",669461,"L","95","92.3","53.9","94.1",,"84.6","24.5","38.4",
"Kerry, Brett",695049,"R","95",,,"98.9",,,"11.6",,
"Knack, Landon",689017,"R","95",,,"92.5",,"85","29.4",,
"Anderson, Jack",681252,"R","94.9",,,,"73.2","62.1","38","45.6",
"Cerantola, Eric",672021,"R","94.9",,"61",,,,"17.4",,
"Brown, Hunter",686613,"R","94.9","88.1","48.1","91.1",,"84.7","36.8",,"50.5"
"Matsui, Yuki",673513,"L","94.9","88.3",,,"71.4",,"24.6","44.5",
"Kent, Jackson",800600,"L","94.9","85",,"99.6",,"78.9","23",,
"Pearson, Nate",663878,"R","94.8","91.7",,"72.5",,"82.6","35.9",,
"Littell, Zack",641793,"R","94.8","94.9",,,"79",,"62","46.7",
"Megill, Trevor",656730,"R","94.8",,,,,"23.7",,,
"Klein, John",804619,"R","94.7",,"31.1","83.1",,"84.7",,"37.4",
"Englert, Mason",669438,"R","94.7","90.2","26.5","65.5",,"85.2","34.6",,
"Alcantara, Sandy",645261,"R","94.7","94.5","35.3","87.6",,"40.2","23.8","30.1",
"Cecconi, Slade",677944,"R","94.7","95.6","43.2","83.2",,"82.5","36.4","40.9",
"Aleman, Franco",680916,"R","94.6",,,"99",,,"15.1",,
"Alexander, Jason",669920,"R","94.6","92.7","24","98.2",,,"39.5","62.6",
"Thornton, Zac",804267,"L","94.6","92.8","43.4","98.6",,"68.8","28.1","41.9",
"Tolle, Payton",801139,"L","94.5","92.5","42.5","92",,"46",,,
"Palencia, Daniel",694037,"R","94.5","95.1",,,"71.1",,"24.8",,
"Brown, Ben",676962,"R","94.5","94.4",,"74.5",,"33",,,
"Civale, Aaron",650644,"R","94.4","92.4","54",,"90.5","74.9","43.9",,
"Kimbrel, Craig",518886,"R","94.4","95",,"93.1",,"65.7",,"54.1",
"Matthews, Zebby",805673,"R","94.4","95","51.6","97.3",,"73.3","23.6",,
"Miller, Bobby",676272,"R","94.4","90.7",,"99.9",,"87.3",,,
"Murphy, Owen",702566,"R","94.4",,,"88.6",,"67.4","49.2",,
"Joyce, Ben",690829,"R","94.3","90.9",,,,,"53.1",,
"Smith, Cade",671922,"R","94.3",,,,"81.8",,,"44",
"Thielbar, Caleb",573204,"L","94.3",,,,,"77.8","42.8","46.8",
"Nola, Aaron",605400,"R","94.3","91.4","43","99.2",,"85","26.6",,
"Misiorowski, Jacob",694819,"R","94.3",,"46.9","99.3",,"72","38.3",,
"Tolman, Erik",680899,"L","94.2",,,"93.1",,,"23",,
"Lynch IV, Daniel",663738,"L","94.1","91.1",,"90.8",,"26.3","18.3",,
"Scholtens, Jesse",669947,"R","94.1","85.7",,,"62.1",,"50.2","44",
"Henriquez, Edgardo",683618,"R","94.1","94.8","50.9",,,"82.2","31.7",,
"Hoffmann, Andrew",694851,"R","94.1",,,"97.7",,,"36.9",,
"Burrows, Mike",681347,"R","94.1","95.5",,"95.9",,"78.6","47.2",,
"Sterner, Justin",686993,"R","94.1",,"39.4",,,,,"48.4",
"Beck, Brendan",694341,"R","94","91.5",,,"76.8","86.8","28.9",,
"Gonzalez, Domingo",682445,"R","94","91.8",,,,,"14.9",,
"Graceffo, Gordon",700669,"R","93.9","93.8","16.3","96.9",,"73.5","27.2",,
"Gilbert, Logan",669302,"R","93.9","83.8","57.8","87.8","58.6",,"29.3","71.6",
"Schultz, Paxton",687606,"R","93.8",,"61.3","54.9",,,"39.4",,
"Mlodzinski, Carmen",669387,"R","93.8","91.5","58",,"64.1","67","42.9","62.9",
"Canning, Griffin",656288,"R","93.8","91.5","42.9","89.6",,"46.1","25.2","35.2",
"Varland, Louis",686973,"R","93.7","92.2",,"77.6",,"58.8","35.3",,
"Santana, Dennis",642701,"R","93.7","92","50.6","86.8",,,"16.7",,
"Yates, Kirby",489446,"R","93.7",,,,"93.4",,,"61.2",
"Williams, Gavin",668909,"R","93.6","98.3","56",,,"91.2",,"56.4",
"Dollander, Chase",801403,"R","93.6","89.7",,"94.3",,"76.3","38.1","42",
"Lopez, Jacob",682052,"L","93.5","94","47.9","94.8",,,"53.1",,
"Milner, Hoby",571948,"L","93.5","91.6",,"94.7",,,,"60.2",
"Boyd, Matthew",571510,"L","93.5","93.3",,"91.8",,"74.3","16.1",,
"Enns, Dietrich",608650,"L","93.4",,"19.5","93.4",,"78.4",,"48.7",
"Rodríguez, Elmer",695684,"R","93.4","92.8",,"90.4",,"86.3",,"75.2",
"Phillips, Evan",623465,"R","93.4","89.3","39",,,,,"58.6",
"Tidwell, Blade",694918,"R","93.4","92.1",,"88",,"60","35.5","49.2",
"Lauer, Eric",641778,"L","93.3",,"48.2","95.5",,"65.4","27.7",,
"Hoffman, Nolan",676510,"R","93.3","93.5","42.5","97.8",,"76.9",,"53.2",
"Leiter, Jack",683004,"R","93.3","93.8","62.6","74",,"69.5","23.5",,
"Lorenzen, Michael",547179,"R","93.3","90.2","47.6","96.8",,"56.6","13.5","29.5",
"Sale, Chris",519242,"L","93.2","91.3",,"98.5",,,"65.7",,
"Bradford, Cody",674003,"L","93.2","91.5",,"96.7",,"55.4","28.6",,
"Shuster, Jared",694363,"L","93.2","92.5","51.6","81.9",,,"15.2",,
"Fermin, José",820862,"R","93.1","92.9",,"93.5",,,"15.9",,
"Brazobán, Huascar",623211,"R","93.1","90.2","60.4","86.3",,,,,
"Bowlan, Jonathan",680742,"R","93.1","92.9",,"68.2",,,"22.3","47.3",
"Aldegheri, Sam",691951,"L","93",,"38.4","91.9",,"83.5","38.4",,
"Johnson, Pierce",572955,"R","92.9",,,,,"36.9",,,
"Yamamoto, Yoshinobu",808967,"R","92.9","85.7","47",,"80.4","93.8","35.3",,
"Waldichuk, Ken",686610,"L","92.9",,"36.2",,,"48.1",,"23.8",
"Wells, Tyler",669330,"R","92.9",,"68.4","95.7",,"63.9","41.9",,
"Law, Derek",571882,"R","92.9",,"54.7","99.4",,,"26",,
"Severino, Luis",622663,"R","92.8","91.8","67.8","99.3",,,"49.9","61.9",
"Agnos, Zach",688642,"R","92.8","87.9","58.9",,"83.9",,"48.9","56.5",
"Perkins, Jack",678022,"R","92.7","89.2","46.9","92.3",,"54.1","34.6","38.4",
"De Los Santos, Enyel",660853,"R","92.6",,,"97.2",,,"35.3",,
"Gore, MacKenzie",669022,"L","92.6","95.3","54.1","93.7",,"70.8","20.4",,
"Barnes, Charlie",656212,"L","92.5","89.4",,"99.2",,,"23.8","67.8",
"Javier, Cristian",664299,"R","92.5","98.6","57.8","82.1",,"71.1",,"38.7",
"Díaz, Edwin",621242,"R","92.5",,,,,,"23.2",,
"Woo, Bryan",693433,"R","92.5","87.6",,"85.5",,"48","16.2","43.9",
"Bachman, Sam",696147,"R","92.4","93.4",,"81.5",,,"25.4",,
"Luzardo, Jesús",666200,"L","92.4","93.2",,"88.7",,,,"33.5",
"Kelly, Antwone",699008,"R","92.3","91.1",,"86.3",,,"36.2","42.3",
"Manfredi, Mark",815081,"L","92.3","91",,"99.3",,,"26.9","37.2",
"Burke, Brock",656271,"L","92.2","89.7",,"77.8",,,"35.4",,
"Dion, Will",702021,"L","92.2","86.5","49.1","88.1",,"55.4",,,
"Espino, Daniel",682982,"R","92.2",,,,,"94.4","36.9",,
"Kerr, Ray",678061,"L","92.1","90.6",,,,"47.1",,,
"Helsley, Ryan",664854,"R","92.1",,,,"88","61.4","24.6",,
"Santillan, Tony",663574,"R","92.1",,,,,,"38.6",,"43.8"
"Weathers, Ryan",677960,"L","92.1","92.7",,"61.6",,,"22","41.6",
"Hentges, Sam",656529,"L","92.1","87.8",,,,"77.3","30.2",,
"Suarez, Robert",663158,"R","92","95.2","74.6","94.6",,,,,
"Fisher, Braydon",680755,"R","92",,"65.3",,,"70.3","25",,
"Seymour, Ian",693855,"L","91.9","84.2","50.5","94.1",,"90.7","32.4","33.7",
"deGrom, Jacob",594798,"R","91.9","87.5",,"88.3",,"62.8","35.5",,
"Newcomb, Sean",656794,"L","91.8","84.2","50.5","91.2",,"87.3",,,"64.8"
"Sommers, Drew",805427,"L","91.8","87.2",,"81.9",,,"55.5",,
"Kirby, George",669923,"R","91.8","89","58.1","99.2","88.7","82.5",,"49.8",
"Arrighetti, Spencer",681293,"R","91.7","95.2","54.4","93.1",,"79.9","34.9","54.7",
"Beeks, Jalen",656222,"L","91.7",,"28","90",,,,,
"Bigge, Hunter",685801,"R","91.7",,,,"63.5",,"32.7",,
"Messick, Parker",800048,"L","91.6","89.5","60.7","76.3",,"56.5","37.5",,
"Ribalta, Orlando",687377,"R","91.6","92.7",,"93.1",,,"24.1",,
"Miller, Erik",669062,"L","91.5","90.8",,"99",,,"14.6",,
"Povich, Cade",700249,"L","91.5","90.6",,"86.8",,"92.1","40.2",,
"Griffin, Foster",656492,"L","91.5","85.9","52.8","89","13.5","79.4",,"55.7",
"Winn, Cole",668390,"R","91.4","85.9","49.7",,"87.4",,"26.5",,
"Cease, Dylan",656302,"R","91.3","85.2",,"92.2",,"71","27.3","60.9",
"Scherzer, Max",453286,"R","91.3",,"38.9","98.5",,"73","27.5",,
"Ullola, Miguel",699044,"R","91.2",,,,,,"32.7",,
"Martin, Trevor",694680,"R","91.2","93.7","43",,"97.6","87.7",,,
"Skubal, Tarik",669373,"L","91.2","85.1",,"73.2",,"53.9","27.9",,
"Peguero, Joel",666711,"R","91.2","84.5",,,,,"33.9",,
"Junk, Janson",676083,"R","91","89.7",,"84.1",,"78","36","52.6",
"Gastelum, Luis",703725,"R","91","87.9",,"98",,,,"51.7",
"Soto, Gregory",642397,"L","91","91.2",,,,,"19.8","29.3",
"Murphy, Chris",669684,"L","91","75.5",,"93.5",,"93.4","41","58.9","65.4"
"Alexander, Tyler",641302,"L","91","92.2","51.3","82.8",,,,"55.6",
"Weisenburger, Jack",674073,"R","90.9","86.7","56.4","89.1",,,,"59",
"Mayza, Tim",641835,"L","90.9","87.7",,,"86.5",,"16.1",,
"Kranick, Max",668820,"R","90.9","91",,,,"62.2","53.4","48.1",
"Smith, Dylan",681916,"R","90.8","92.9",,,"92.9","78.8",,"39",
"Suárez, Albert",544150,"R","90.8",,"51","96.7",,"56.6",,,
"Ashcraft, Braxton",677952,"R","90.8","85.7",,,"89.8","63.9","31.8",,
"Bachar, Lake",669199,"R","90.7","85.4",,,"95.1","37.8","15.7","27.6",
"Prielipp, Connor",687570,"L","90.7","92",,"81.5",,"61.7","20.5",,
"Morillo, Juan",666661,"R","90.7","87.5",,"97.5",,,"64",,
"Early, Connelly",813349,"L","90.7","91.2",,"80.5",,"69.3","32.3","40.6",
"Zerpa, Angel",672582,"L","90.6","86.7",,"96.5",,,"33.7",,
"Speier, Gabe",642100,"L","90.6","91.1",,,,,"32",,
"Phillips, Connor",683175,"R","90.6",,,,,"59.6",,"52.8",
"Wilson, Bryse",669060,"R","90.6","85.1","52.2",,"80.5","65.5",,,
"Zuber, Tyler",676604,"R","90.5","90.2",,,,"61.5","34.6","52.1",
"Bennett, Jake",687562,"L","90.5","89.6","16.2","87.8",,"61.7",,"44.3",
"Warren, Austin",681810,"R","90.5","93.4","29.5","99.3",,"60",,"49.4",
"Taillon, Jameson",592791,"R","90.5","89.5","54.7","85.3",,"73.2","36.3","56.4",
"Brieske, Beau",689225,"R","90.5","87.2",,"79.3",,"46.6","33.8",,
"Hanifee, Brenan",669724,"R","90.5","91.5",,"94.6",,,"18.2",,
"Cameron, Noah",702070,"L","90.5","82.3","59.5","98",,"67.4","18.2",,
"Granillo, Andre",701552,"R","90.4","85.8",,,,,"25.1",,
"Fairbanks, Pete",664126,"R","90.4",,"28.7","71.2",,,"62.2",,
"Houser, Adrian",605288,"R","90.3","87.8",,"81.3",,"88.1","32.1",,
"Duarte, Daniel",650960,"R","90.3","95","49.9","98.2",,,,"60.8",
"Jones, Jared",683003,"R","90.3",,,"90.9",,"56.9","21.6",,
"Hill, Jaden",677955,"R","90.3","92.7",,"99.5",,,"22.9",,
"Mikolas, Miles",571945,"R","90.3","86.1",,"85.9",,"74.4","39.4","39.2",
"Palmquist, Carson",687223,"L","90.2","87.7","34.7",,,,,"52.6",
"Jobe, Jackson",695549,"R","90.2","82.1","48.9","99",,"62.8","34.5",,
"Abbott, Andrew",671096,"L","90.2",,"40.7","83.7",,"55",,"42",
"Drohan, Shane",675660,"L","90.2","89.2","46.9","88.8",,"66.9","21.8",,
"Martinez, Nick",607259,"R","90.1","87.1","60.8","81.5",,"72.4","14.9",,
"Rocker, Kumar",677958,"R","90.1","90.5","45.8","98.4","82.9",,"31.2",,
"Lange, Alex",656638,"R","90.1","88.4","44.9","92.7",,,"19.5",,
"McLean, Nolan",690997,"R","90.1","84.8","34.5","80.4",,"91.1","39","61.5",
"Soriano, George",666277,"R","90.1","84",,"80.6",,,"14.8","26.6",
"Gerber, Joey",680702,"R","90",,"57.6",,,,,,
"Acton, Garrett",670183,"R","90",,,,,,"31.3",,
"Scott, Christian",681035,"R","90","87.8","46.6",,"91.3","59.9",,"57.8",
"Gamboa, Alec",687941,"L","90","85.9",,,,,"24.3",,
"Rojas, Kendry",696070,"L","90","88.3",,"69.8",,,"36.6",,
"Henry, Cole",669371,"R","90","89","53.2",,,,,"48.1",
"Cruz, Fernando",518585,"R","89.9","91.2",,,"45.6",,,"40.9",
"Rock, Joe",697812,"L","89.8","86.7",,,,,"32.5",,
"Eisert, Brandon",685126,"L","89.8","90.1",,"85.5",,,"34.9",,
"Fried, Max",608331,"L","89.7","67.6","43.5","82.2",,"86.7","24.9","62.8",
"Gervase, Paul",801434,"R","89.7",,"61.2",,,,"47.8",,
"Gusto, Ryan",687473,"R","89.6","82.2","51.6","92.6",,"87.6","35.8","58.9",
"Burns, Chase",695505,"R","89.6","92.7",,"96",,,"22.5",,
"Vásquez, Randy",681190,"R","89.6","87","46.9","92.1",,"48.4","39","45.2",
"Adam, Jason",592094,"R","89.6",,,"84",,,"12.4","47.6",
"Hernández, Jonathan",642546,"R","89.6","90.1",,,,,"28.2",,
"Foley, Jason",671345,"R","89.5","88.7",,,"81.3",,"32.2",,
"Phillips, Tyler",663969,"R","89.5","90.9",,,"90.9","64.6","21","34.7",
"Buehler, Walker",621111,"R","89.5","89.1","55.1","91.6",,"87.6","44.3","54.6",
"Bibee, Tanner",676440,"R","89.5","88.1","32.4","92.6",,"71.5",,"56.7",
"Miller, Bryce",682243,"R","89.5","86.2","47.2",,"66.4","78.8","25.1","63.4",
"Ginkel, Kevin",656464,"R","89.4","92.4",,,,,"30.4",,
"Macko, Adam",671936,"L","89.4",,,"99.2",,"79.2","20.9",,
"Patrick, Chad",694477,"R","89.4","83.2","33.6",,,,,,"39.8"
"Hall, DL",669084,"L","89.4","88.6",,"95.8",,"72.4","40.3","52.2",
"Lowder, Rhett",695076,"R","89.3","90.6",,"92.6",,"75","23.2",,
"Melton, Troy",675512,"R","89.3","89.9","50.5","79.9",,"83.4","46.1",,
"Allard, Kolby",663465,"L","89.3","91.6","38.9","99.5",,"95.4",,,
"Lazar, Max",676661,"R","89.3",,"39.8",,"88.7","83.7",,,
"Kahnle, Tommy",592454,"R","89.2",,,"99.3",,,"39.7",,
"Brash, Matt",666374,"R","89.2","89.5",,"63.7",,,"47.5",,
"Rodriguez, Bradgley",699134,"R","89.1","86.1",,"95.2",,,"37",,
"Sproat, Brandon",687075,"R","89.1","78.3","53","96.6",,"81.5",,"50.7",
"Loáisiga, Jonathan",642528,"R","89","88.9","58.9","94.8",,"29.9",,,
"Voth, Austin",608723,"R","88.9","85.7","45.3",,,"87.5",,"55.3",
"Beeter, Clayton",690925,"R","88.9",,,,,,"45",,
"Waldron, Matt",663362,"R","88.9","83.5","50.5",,,,,"47.8",
"Gómez, Yoendrys",672782,"R","88.9","87.5","55.9","94.5",,,,"49.9",
"Morejon, Adrian",670970,"L","88.9","83.1",,"91.3",,,"39.7",,
"Sanmartin, Reiver",665665,"L","88.9","88.3",,"90.8",,,"34.4",,
"Montero, Keider",672456,"R","88.8","88.2",,"92.3",,"60.9","24.9",,
"Abreu, Bryan",650556,"R","88.8",,"56.2",,,,"49.6",,
"Kelly, Zack",677161,"R","88.8","89.2","49.5","95.8",,,,"60.5",
"Okert, Steven",595345,"L","88.7","87.4",,,,,"37",,
"Lugo, Seth",607625,"R","88.7","86.9","65.3","90.9",,"82.9","31.5","60.4","69.7"
"Watson, Ryan",670245,"R","88.6","85.7","53.2",,,"87.9",,"31.6",
"Cabrera, Jose",703615,"R","88.6","94.9","41.8","98",,"20.2",,"33.3",
"Martin, Riley",702303,"L","88.6",,,,,"66.2","19.9",,
"Smith, Burch",572143,"R","88.5",,"34.7","58.8",,"80.5",,,
"Chapman, Aroldis",547973,"L","88.5","85.5",,,"36.7",,"40.6",,
"Brubaker, JT",664141,"R","88.5","87.7",,"84.5",,"46.9","13.9",,
"Castaño, Blas",680604,"R","88.4","87.3","42.7","87.8",,,,"42.3",
"Ross, Joe",605452,"R","88.4","86.7",,,"90.5","33","42.3",,
"Tiedemann, Ricky",694357,"L","88.4",,,"85.3",,,,"36.1",
"Suarez, José",660761,"L","88.4","86.2",,"80.8",,,"31.7","42.3",
"Weiss, Ryan",680802,"R","88.4","83.3",,"67.7",,"80.8",,"53.1",
"Ureña, Walbert",700712,"R","88.3","91.3",,"91.9",,,,"38.8",
"Webb, Jacob",657097,"R","88.3",,,"99.5",,"74.8","20.7","44",
"Dobnak, Randy",677976,"R","88.2","86.9",,"70.2",,,"26.1","43",
"Peralta, Freddy",642547,"R","88.1",,,"93.9",,"41.3","24.2","37.3",
"Rodriguez, Carlos",692230,"R","88.1",,"58.5","99.6",,,,"38.6",
"Treinen, Blake",595014,"R","88","85.2","43.7",,,,,"49.7",
"Blewett, Scott",656240,"R","88","89.7","33.6",,"72.2",,"28.3",,
"Vest, Will",676684,"R","87.9","86.9",,"89.2",,,"15.6",,
"Taylor, Grant",691799,"R","87.9","90.4",,,,"82","24.4",,
"Manoah, Alek",666201,"R","87.8","88.7",,"85.7",,,"34.2",,
"Rasmussen, Drew",656876,"R","87.8","87.7","30.1","67.4",,"71.6",,"48.6",
"Tur, Yunior",814305,"R","87.8",,"51.6",,"89.1",,,,
"Winn, Keaton",676775,"R","87.8","78.8",,,"82.7",,"11.9",,
"Meyer, Max",676974,"R","87.7","90.9",,"89.9",,,"18.1","37.3",
"Rogers, Trevor",669432,"L","87.6","88.4","22.7","84.8",,,,"36.6",
"Sugano, Tomoyuki",608372,"R","87.6","87.2","43.1",,"82.2","63","26.5","32.2",
"Brito, Jhony",666745,"R","87.5","88.4",,"96.9",,,"38.1","34.3",
"Wheeler, Zack",554430,"R","87.5","88.5","41.9",,"93.9","75.9",,"61.1",
"Cleavinger, Garrett",664076,"L","87.5","83",,,,,"32.1","69.3",
"Blackburn, Paul",621112,"R","87.5","86.9","55.9","85.1",,"90.3",,"53.4",
"Paez, Jedixson",699151,"R","87.5","86.8","31.3","58",,"69.6",,,
"Mederos, Victor",682989,"R","87.4","86.7","41.5",,"71.1",,,"54.1",
"Crochet, Garrett",676979,"L","87.4","86.8","39.6","74.2",,,,"50.7",
"Rivera, Eduardo",700842,"L","87.3",,,"71.4",,,"28.5",,
"Freeland, Kyle",607536,"L","87.3","83.7","49.5","95.6",,"39.8",,"33.8",
"Medina, Luis",665622,"R","87.2","89.8",,"69.3",,"81.2","35.4",,
"Rom, Drew",680723,"L","87.2","88.5",,,"79.9",,,"73.1",
"Bellozo, Valente",678368,"R","87.2","79.3","54.5","84.6",,,,"56.7",
"Soriano, José",667755,"R","87.1","87.9",,,"87.2","58.2","16.7",,
"Stock, Robert",476594,"R","87.1","82.3","41.6","88.4",,,,"59.5",
"Sandlin, David",689818,"R","87","85.1","42.9","86.2",,"58.6",,"45",
"Jax, Griffin",643377,"R","87","83","46.4","80.3",,"62.4",,"38.6",
"Assad, Javier",665871,"R","87","86.9","48.9","75.1",,"79.2","43.7","56",
"Walker, Josh",677020,"L","87","83.2",,"82.3",,,"26.5",,
"McFarlane, Alex",686934,"R","87","89",,,,,"31.9","45.3",
"Vodnik, Victor",680767,"R","86.9","91.1","25.7","89.2",,,"27.6",,"60.9"
"Paredes, Mike",702474,"R","86.9",,"47.4","85.2",,,,"67.4",
"Schultz, Noah",702273,"L","86.9","88.7","43.9","87.2",,"57",,"55",
"Corbin, Patrick",571578,"L","86.9","84.7","30.3","98",,"28.7","24.6",,
"Castillo, Luis",622491,"R","86.8","91.4",,"93.6",,,"12",,
"Garcia, Robert",676395,"L","86.8",,,"79.3",,,"25.9",,
"Mautz, Brycen",802408,"L","86.8","84.5",,,,"78","18.1",,
"Allen, Logan",671106,"L","86.7","91.6","37.3","87.4",,,,"54",
"Hartlieb, Geoff",664129,"R","86.6","82.7","59",,,,"14.9",,
"Sands, Cole",663485,"R","86.6","81.7","34.4",,"85.6","60.6",,,
"Herget, Jimmy",623474,"R","86.6","85.6","37.7","68.3",,,"17.8","52.1",
"Senga, Kodai",673540,"R","86.5","80.9","47.8",,"78.5",,"11.7","36.3",
"Anderson, Drew",623454,"R","86.5","81.9",,"71.3",,"92.2","29.9",,
"Irvin, Jake",663623,"R","86.5","81.1","62.4","86.1",,"78.4",,"50.9",
"Barnett, Mason",686930,"R","86.4",,,"71",,"88.4","36.2","59.6",
"Muñoz, Andrés",662253,"R","86.4","80.8",,"84.3",,,"40.7",,
"Burke, Sean",680732,"R","86.4","92.2","51.7","99.5",,"83.9","30.1",,
"Woodruff, Brandon",605540,"R","86.3","86.5","60.6","84.4",,"63.7",,,
"Bazardo, Eduard",660825,"R","86.3","91.4",,,"83.8",,,"58.3",
"Kikuchi, Yusei",579328,"L","86.3",,"53.3",,"87.5","54.9","22.3",,
"Sousa, Bennett",656986,"L","86.3","80.7",,,,,"23.5",,
"Flaherty, Jack",656427,"R","86.2","77.3",,"83.1",,"77.7","42.8",,
"Bido, Osvaldo",674370,"R","86.2","83.7",,"80.5",,,"29.2","33.3",
"Painter, Andrew",691725,"R","86.1","85.2",,"83.6","73.6","62.4","41","51.9",
"Rea, Colin",607067,"R","86.1","78.6","41.5","85.4",,"74","26.3","57.2",
"Kelly, Kevin",687330,"R","86","84.7",,"78.4",,,,"74.3",
"Rodriguez, Eduardo",593958,"L","85.9","84.7","57.8","89.1",,"50.4",,,
"Gibson, Cade",806188,"L","85.9","81.3",,"74.6",,"85.7","26.8","62.9",
"Keller, Mitch",656605,"R","85.9","78.1","47","84.8",,"93.4","27.2","61",
"Carrillo, Gerardo",672629,"R","85.9","86.7","39.8",,"49.9",,,"32.6",
"Johnson, Ty",694494,"R","85.9",,,,,,"21.9",,
"Iglesias, Raisel",628452,"R","85.9","89.1",,"83.3",,,"37.4",,
"Mathews, Quinn",687273,"L","85.8","74.3",,"94.2",,"77.9","30",,
"Nardi, Andrew",677053,"L","85.8",,,"90.5",,,"26.1","41.1",
"Gasser, Robert",688107,"L","85.8","81.2","40.8","91.1",,,"38.6","55.1",
"Gage, Matt",657424,"L","85.7","87.7",,"84.2",,,"24.7",,
"Hart, Kyle",606996,"L","85.7","88.5",,,"59.4",,"39.9","47.5",
"Miles, Spencer",693686,"R","85.6","83.3",,,,"79.3","27.1",,
"Kolek, Stephen",663568,"R","85.6","72.4","37.5","67.9",,,"23.2","68.2",
"Basso, Brady",669620,"L","85.6","84.5","50.4","94.6",,"69.3","20.8",,
"Silseth, Chase",681217,"R","85.5","83.4",,,"68.5",,,"42.2",
"Senzatela, Antonio",622608,"R","85.4","83.2","46.1","73.1",,"43.7","32.6",,
"Miller, Mason",695243,"R","85.4",,,"80.1",,,"60.1",,
"Samaniego, Tyler",701719,"L","85.4","77.9","37.5","94.4",,,,"42.4",
"Holmes, Grant",656550,"R","85.3","76.2","64","88.1",,"44.5","23.6",,
"Morales, Luis",806960,"R","85.2","83.5",,"89.4",,,"38.8","65.9",
"Ober, Bailey",641927,"R","85.1","90.1",,"98.5",,"82.3","50.2","56.6",
"Clarke, Taylor",664199,"R","85.1","90.1","79.1","87.2",,,"33.3",,
"Slaten, Justin",686580,"R","84.9","96.8","59.4",,,"76.6",,"41.8",
"Van Eyk, CJ",669310,"R","84.9","80.7","40.4","99.4",,"77.4",,"53.2",
"Kelly, Merrill",518876,"R","84.8","83.8","70.6","78.7",,"59.2","21.5",,
"Schlittler, Cam",693645,"R","84.7","79.1","57.7",,,"69.3","47",,
"Sisk, Evan",681895,"L","84.6","83.2",,"82.3",,"76.7",,"52.6",
"Leahy, Kyle",681517,"R","84.5","81.5",,"70.8",,"80","42.7","55.6",
"Ritchie, JR",702275,"R","84.4","82.2","35.5","83.7",,"86.9","29.9",,
"Bivens, Spencer",702352,"R","84.4","79.2",,"55",,,,"57.8",
"Rodríguez, Yariel",684320,"R","84.3","92.1",,,"95.5",,"14.3",,
"Sandlin, Nick",680704,"R","84.3",,,,"80.8",,"66.4",,
"Núñez, Dedniel",673380,"R","84.2",,,,,,"14.8",,
"Pecko, Ethan",814490,"R","84","79.7","49.3","98.2",,"63.7",,"33",
"Holton, Tyler",663947,"L","84","85.4","41.8","96.9",,"86.5",,"63.6",
"Cavalli, Cade",676917,"R","83.9","83.4","53.2","96.1",,"77.1",,"72.9",
"Ramírez, Yohan",670990,"R","83.9","84.8",,,,"77.4",,"56.3",
"Thornton, Trent",663423,"R","83.9","79.1","41.2",,,"61.1",,"50.8",
"Kay, Anthony",641743,"L","83.8","76.9","40.5","82.2",,,"35.2","52",
"Lucchesi, Joey",664192,"L","83.8","87.8",,,,"47.8",,,
"Morán, Jovani",663558,"L","83.6","81.9","33.6","84.9",,,,"44.6",
"Zeferjahn, Ryan",666171,"R","83.3","83.9",,,,"57.8","41.1","54.1",
"Mills, Wyatt",670090,"R","83.3","79.3",,,,,"25.6","37.5",
"Seymour, Carson",693313,"R","83.2","74.6","35.2",,"82",,"58.9",,
"Kelly, Michael",547184,"R","83.1","79.2",,,,,"36.5","58.2",
"King, Michael",650633,"R","83.1","77.5",,"97.7",,,"23.3","50.9",
"Wrobleski, Justin",680736,"L","83","82.4","39","89.9",,"63.4","26.7","55.5",
"Gilbert, Tyler",656457,"L","82.9","83.9","40.1",,,,,"50.8",
"Ashby, Aaron",676879,"L","82.9","80.7",,"76.1",,"88.1","42.7",,
"Ferguson, Tyler",621053,"R","82.7","83.5","30.5","85.2",,,"55.8","47.9",
"Armstrong, Shawn",542888,"R","82.6","89","49.2",,,,,"44.7",
"Adams, Travis",701519,"R","82.4","85.8","54.2","87.3",,,"33.3",,
"Pérez, Cionel",672335,"L","82.4","79.7",,,,"62.4",,,"41.7"
"Rodríguez, Manuel",655889,"R","82.3","90.2",,,,,"24.1",,
"Hancock, Emerson",676106,"R","82.3","85.9","24.3","98.9",,"71.5",,"64.1",
"Wesneski, Hayden",669713,"R","82.3","82.8","46.8","83.7",,,,"66",
"Abel, Mick",690953,"R","82.3","75.8",,"62.3",,"73.4","26.3","55.1",
"Scott, Tanner",656945,"L","82.3",,,,,,"30.3",,
"Hudson, Bryan",663542,"L","82.2","78.9","28.1",,,,,"80.9",
"Bratt, Mitch",683352,"L","82.1","77.2",,"92.7",,"77.7","50.3",,"55.5"
"Peoples, Ben",687239,"R","81.9",,,"90.1",,,"20.3",,
"Roupp, Landen",694738,"R","81.9","85.8","36.7","84.9",,"85.2",,,
"McGreevy, Michael",700241,"R","81.9","71.3","40","71",,"80.3","31.6","56.9",
"Little, Brendon",663893,"L","81.7","74.7",,,,"77.3","12.6",,
"Kochanowicz, Jack",686799,"R","81.6","75.8",,"61.8",,,"33.3",,
"Elder, Bryce",693821,"R","81.6","75.6","59.9","68.1",,,"37.5",,
"Cano, Yennier",666974,"R","81.5","81.1",,,"87.5",,,"37.9",
"Bolton, Cody",675989,"R","81.4","79.3","37.3","70.8",,"87.3",,"64.1",
"Smith, Hagen",696146,"L","81.3",,"35.9","90.7",,,"41",,
"Yan, Jefry",642376,"L","81.3","79.3",,"86.4",,,"30.3",,
"Feltner, Ryan",663372,"R","81.2","72.8",,"65.3",,"63.5","42.6","50.3",
"Gallen, Zac",668678,"R","81.1","79.9",,"82.4",,"62.1","39.3",,
"Sims, Lucas",608371,"R","81.1",,,,,"60.7","34.6","38.2",
"Holderman, Colin",670059,"R","81","86.2",,,,"73.5",,"37.3",
"Saucedo, Tayler",642048,"L","80.9","90.7",,"95.3",,,"30.8","41.6",
"Wicks, Jordan",696136,"L","80.9","85.3",,"96.3",,,"22.1",,
"Banks, Tanner",621383,"L","80.7","81.3",,"69.4",,,"35.3","39.5",
"Martin, Davis",663436,"R","80.7","74.2","40.1","67.1",,"71.7","23.1",,
"Domínguez, Seranthony",622554,"R","80.5","83.6",,,"96.4","77.6",,"37.7",
"Bubic, Kris",663460,"L","80.5","78.9",,"69.7",,,"19.7","50.2",
"Quintana, Jose",500779,"L","80.4","83.9",,"91",,"46.1",,,"41.3"
"Bello, Brayan",678394,"R","80.4","85.6","12.2","97.2",,"58.1",,"45.7",
"Murray, Jayden",681151,"R","80.3","80.3","43.9","98.3",,,,"62.2",
"Teng, Kai-Wei",678906,"R","80.2","76.1",,"84.2",,"74.1","21","44.8",
"Pallante, Andre",669467,"R","80.2","86.1",,,"88.7","78.6","31.1",,
"Smith, Shane",681343,"R","80.1","85.3",,"76.9",,"80.7","31",,
"Madden, Ty",680744,"R","80.1","80","18",,"78.9",,"26.3",,
"Sanders, Cam",676742,"R","80.1","73.4",,"71.8",,,"23.7",,
"Wolfram, Grant",664991,"L","80","88.8",,,,"37.5","15.9","38.9",
"Gil, Luis",661563,"R","80","73.7",,"86",,,"36.3",,
"Collyer, Gavin",686560,"R","79.8","77.5","19.3",,,,,"44.6",
"Soroka, Michael",647336,"R","79.8","78.4","38.9","86.3",,,,"48.1","67.8"
"Santa, Alimber",695001,"R","79.7","84.4",,,,,"26.9","57.8",
"Valdez, Framber",664285,"L","79.7","77.2",,"77",,"83.9","19.2",,
"Lawrence, Justin",664875,"R","79.7","76.8",,,,,,"59.5",
"VanWey, Logan",701121,"R","79.7","75.7",,"83.9",,,,"48.8",
"Suarez, Ranger",624133,"L","79.7","70.9","50.9","69.2",,"82.6","48.2",,
"Adams, Mason",690279,"R","79.7","70.8","40.9","90.9",,"87.6",,"52",
"Antone, Tejay",622088,"R","79.6","66.7","34.6",,,"77.5",,"50.4",
"Hoppe, Alex",695380,"R","79.6","80.8",,,,,"34.4",,
"Kilian, Caleb",668873,"R","79.6","80.9",,,,"90","30.7",,
"Rucker, Michael",621074,"R","79.5","77.8","25.6",,,"81.5",,,
"Stewart, Brock",592779,"R","79.5","83.3","44.6","88.2",,,,"51.4",
"Kinley, Tyler",641755,"R","79.4","72.5",,,,"54.1","22.4",,
"Bassitt, Chris",605135,"R","79.4","82.7","57.7","94",,"96.4","47.6","84.3",
"Holmes, Clay",605280,"R","79.3","76.3","22.2","66.9",,"72.8",,"54.3",
"Faucher, Calvin",676534,"R","79.3","78.3","27.2",,,"76.9","21.9","52.6",
"Romero, JoJo",668941,"L","79","75.2",,"88.9",,,,"49.8",
"Mushinski, Parker",656786,"L","78.9","70.3","47",,,"71.2",,"48.8",
"McCullers Jr., Lance",621121,"R","78.7","79.1","45.5","87.9",,"75.9",,"56",
"Pomeranz, Drew",519141,"L","78.5",,,,,"63.9",,,
"Minter, A.J.",621345,"L","78.4","75.2","31","95.1",,,,,
"Nunez, Anthony",689296,"R","78.4","83.9","35.2","60.9",,,,"48.2",
"Muñoz, Roddery",682610,"R","78.2","77.6","38.6",,,,"48",,
"McGee, Easton",668834,"R","78.1","85.7","39.8",,,"70.3",,"44.9",
"Martin, Corbin",656686,"R","78.1",,,,,"44.3",,"25.3",
"Ferguson, Caleb",657571,"L","77.9","78.7","20.3",,,,,,"61"
"Anderson, Grant",681982,"R","77.6","79.1",,"86.2",,,,"58.4",
"Suter, Brent",608718,"L","77.5","88.9",,"90.9",,,"49.3",,
"Mejia, Juan",675848,"R","77.4","66.5",,"80.5",,,"38.5","58.8",
"Weissert, Greg",669711,"R","77.4","83.5",,"96.7",,"75.2","36.6","59.7",
"Morgan, David",688158,"R","77.3","85.3",,,,"75.6","32.2",,
"Coulombe, Danny",543056,"L","77.3","76.9","32.5",,,"94",,"41.3",
"Schweitzer, Tyler",805326,"L","77.2","66.1",,"66.1",,"51.6","31.9","44",
"Schreiber, John",670167,"R","76.8","76.2","29.3","90.4",,,,"59.5",
"Hollowell, Gavin",668970,"R","76.2","84.3",,"85",,,,"55.8",
"Warren, Will",701542,"R","76.1","76.1",,"84.2",,"70.2","29.8","57",
"Alvarez, Andrew",674841,"L","76.1","67.9",,"86.5",,"65.5","22.4",,
"Glasnow, Tyler",607192,"R","76","74.3",,,,"82.6","26.6",,
"Junis, Jakob",596001,"R","76","74.4",,"78.2",,,,"58.1",
"Hanner, Bradley",690440,"R","75.9","74",,,,,,"70.1",
"Bummer, Aaron",607481,"L","75.8","78.4","44.1",,,"76.3",,"69.9",
"Garrett, Braxton",666129,"L","75.5","75.6",,"78.9",,,"21.8","37.4",
"Peralta, Sammy",671111,"L","75.3","81.6",,"97.4",,,"34.7","42.9",
"Pfaadt, Brandon",694297,"R","75.2","82.8","46.6","85.7",,"76.4",,"37.6",
"Garcia, Julian",670062,"R","75.2",,,,,,"26.4","43.5",
"Singer, Brady",663903,"R","75.1","77.2","44",,,,"33.8","34.8",
"Bernardino, Brennan",657514,"L","75.1","74.6","26.9","88.1",,"51.7",,,
"Sewald, Paul",623149,"R","75",,"40.6",,,,,"36.2",
"Avila, Luinder",679883,"R","74.9","72.3",,"86.2",,"51.6","42.4",,
"Keller, Brad",641745,"R","74.8","73.6",,"77.8",,,"49.3","50.7",
"Webb, Logan",657277,"R","74.8","74.5","38.7","80.5",,,,"43.9",
"Cellucci, Brendan",676454,"L","74.8",,,,,,,"49.9",
"Criswell, Cooper",681867,"R","74.7","80.3","32.6","88.7",,,,"72.1",
"Ohtani, Shohei",660271,"R","74.6","67.9",,,"71.4","90.7","30.2","52.8",
"McDonald, Trevor",686790,"R","74.6","84",,"77.6",,,"41",,
"Cuas, Jose",621016,"R","74.5","77","40.7",,,,,"20.6",
"Thompson, Keegan",624522,"R","74.5","77.3","39.3","72.2",,"78.1",,"36.7",
"Ekness, Josh",694795,"R","74.4","72",,,,"47.9",,"51.3",
"Fedde, Erick",607200,"R","74.3","67.4","50.8","63.6",,,,"56.1",
"Woodford, Jake",663765,"R","74.1","80","47.1",,"84.5",,,"55.2",
"Strzelecki, Peter",657265,"R","74.1","68.8",,"98.9",,"73.8",,"65.8",
"Rolison, Ryan",669020,"L","73.9","70.1",,,,"83.8","33.8","50.8",
"King, Bryan",687911,"L","73.9","76.5",,,,,,"54.5",
"France, J.P.",641585,"R","73.8",,"30.4","86.6",,"94.9",,,
"Pintaro, Jonathan",702752,"R","73.7","83.7","36.8","77.7",,"61.8",,,
"Kittredge, Andrew",552640,"R","73.7","84",,,,,"33.1",,
"Roxby, Braxton",694820,"R","73.7","72.5",,,,,"23.9","72.3",
"Hurter, Brant",676428,"L","73.6","78.9",,"88.5",,,,"54.7",
"Bruihl, Justin",677865,"L","73.6","76.1","22.1","67.5",,,,"64.1",
"Carrasco, Carlos",471911,"R","73.3","69.8","50.4","63.3",,,"30.1",,
"Crow, Coleman",689441,"R","73","70.1","34.5",,,"96.1",,"66",
"Fulmer, Michael",605242,"R","72.9","70.9","38.5","85.4",,,,"69.8",
"Ginn, J.T.",669372,"R","72.9","71.7","39.1","62.3",,"42.9","27.3",,
"Montgomery, Jordan",656756,"L","72.7","77.7",,"96",,"75.6","27.6",,
"Kuhnel, Joel",669270,"R","72.1","76.9","24.7","85.4",,"35.4",,,
"Boyle, Joe",671212,"R","71.8","71.9",,,"81.8",,"30.5","53.4",
"Hughes, Gabriel",687312,"R","71.7","74.2",,"84.2",,"83.2","42","44.1",
"Walker, Ryan",676254,"R","71.6","79.5",,,,,"55.1",,
"Bradish, Kyle",680694,"R","71","73.9",,"96.8",,"72.6","39.4",,
"Thompson, Ryan",657044,"R","70.7","76.3",,,,,"76",,
"Payamps, Joel",606303,"R","70.3","66.7",,,,,,"38.7",
"Herrin, Tim",682120,"L","69.9","73.6",,,,"57.6","11.9",,
"Anderson, Shaun",641312,"R","69.8","74.3",,"76.4",,,"41.3","63.1",
"Mey, Luis",682825,"R","69.4","70",,,,,"43.4",,
"Dobbins, Hunter",690928,"R","69","76.2",,,"73.2","65.2","39.1","53.8",
"Thomas, Connor",671162,"L","68.9","81.2","15.3","83.2",,,,"60.3",
"Moll, Sam",594580,"L","68.7","73.3",,"86.8",,,,"47.8",
"Barlow, Scott",605130,"R","68.3","73.1",,,,"77.8","35.3","49.2",
"Abner, Philip",691769,"L","68.1",,,"43.6",,"45.4","50.2",,
"Peterson, David",656849,"L","67.2","73.8",,"85.5",,"65.7","17.7",,
"Lovelady, Richard",663992,"L","66.9","65.2",,,,,"28.1","55.4",
"Williams, Trevor",592866,"R","66.6","74.9",,"93.3",,,"34.5","44.7",
"Winquest, Cade",685464,"R","66.4","58.8","41.3",,,"86.7",,,
"Roycroft, Chris",688297,"R","65.5","87.7","27.3",,,,,"40",
"Weiman, Blake",676620,"L","65","66",,"60.1",,,"38.6","60.1",
"McCambley, Zach",685112,"R","63.2",,"26.5",,,,,"55.4",
"Festa, Matt",670036,"R","61.4","65.1","51.1",,,,,"52.4",
"Cosgrove, Tom",676680,"L","59.4","59.1",,,,,,"68.8",
"Gray, Sonny",543243,"R","59.2","61.7","31.5","80.5",,"90.9",,"55.7",
"Bird, Jake",656234,"R","58.8","73.2",,,,"85.1",,"54.6",
"Kent, Zak",687849,"R","57.9",,,,,"73.4","34.1",,
"Fulton, Dax",690978,"L","57.5","64.2",,"86",,,"25.6","50.3",
"Lee, Chase",695445,"R","49.1","49.9",,"75.5",,,,"61",